question_id,expected
q001,4800
q002,7462
q003,5082
q004,1222
q005,1140
q006,8918
q007,6159
q008,2303
q009,2166
q010,2860
q011,7937
q012,4183
q013,2975
q014,1591
q015,17896
q016,8428
q017,17076
q018,2863
q019,500
q020,2303
q021,7200
q022,5642
q023,4937
q024,1914
q025,7315
q026,5647
q027,8839
q028,1701
q029,7020
q030,4795
q031,1550
q032,456
q033,7937
q034,2863
q035,15483
q036,7482
q037,8428
q038,969
q039,10615
q040,3254
q041,11094
q042,600
q043,3060
q044,7290
q045,8539
q046,3378
q047,2975
q048,4732
q049,9552
q050,3431
q051,418
q052,4251
q053,10370
q054,1850
q055,7280
q056,10370
