question_id,question
q001,What is 5244 - 444?
q002,What is 91 × 82?
q003,What is 77 × 66?
q004,What is 13 × 94?
q005,What is 30 × 38?
q006,What is 98 × 91?
q007,What is 2764 - 1105?
q008,What is 47 × 49?
q009,What is 38 × 57?
q010,What is 65 × 44?
q011,What is 9844 - 1907?
q012,What is 89 × 47?
q013,What is 85 × 35?
q014,What is 8361 - 6770?
q015,What is 9243 + 8653?
q016,What is 98 × 86?
q017,What is 7309 + 9767?
q018,What is 5838 - 2975?
q019,What is 9651 - 9151?
q020,What is 47 × 49?
q021,What is 80 × 90?
q022,What is 1583 + 4059?
q023,What is 5957 - 1020?
q024,What is 22 × 87?
q025,What is 2217 + 5098?
q026,What is 8652 - 3005?
q027,What is 2082 + 6757?
q028,What is 81 × 21?
q029,What is 2864 + 4156?
q030,What is 7555 - 2760?
q031,What is 3667 - 2117?
q032,What is 19 × 24?
q033,What is 9844 - 1907?
q034,What is 5838 - 2975?
q035,What is 8582 + 6901?
q036,What is 87 × 86?
q037,What is 98 × 86?
q038,What is 51 × 19?
q039,What is 3340 + 7275?
q040,What is 2071 + 1183?
q041,What is 7415 + 3680?
q042,What is 40 × 15?
q043,What is 85 × 36?
q044,What is 90 × 81?
q045,What is 5955 + 2584?
q046,What is 5171 - 1803?
q047,What is 85 × 35?
q048,What is 52 × 91?
q049,What is 6700 + 2852?
q050,What is 8088 - 4657?
q051,What is 4634 - 4216?
q052,What is 7325 - 3074?
q053,What is 1117 + 9253?
q054,What is 74 × 25?
q055,What is 91 × 80?
q056,What is 1117 + 9253?
